product_id,review_id,rating,review_date,sentiment,themes,review_title,review_text
master_buds_1,280786aaaa2b50f58ba9,1.0,2026-03-04,Negative,Sound Quality|App Experience|Build Quality,1.0 out of 5 stars It have soo many technical issue,It have soo bad customer care and my product have technical issue in just 4 months in Master buds case and I when I applied for warranty claim then they didn't give any genuine reply the sound quality is good but it can't be long work Read more
master_buds_1,3fd0e770ec517f429253,5.0,2025-08-26,Positive,Sound Quality|Battery Life|Comfort/Fit|App Experience|Price/Value|Build Quality|ANC,5.0 out of 5 stars Absolutely Blown Away! The Best Earbuds I've Ever Owned! ⭐️⭐️⭐️⭐️⭐️,"I've tried a lot of earbuds over the years, but the Noise Masterbuds are in a class of their own. I had high hopes after reading about them, and they've completely exceeded all my expectations. This isn't just an upgrade—it's a game-changer for how I listen to music and take calls. First, the sound quality is phenomenal. The ""Sound by Bose"" tuning is no joke. The audio is incredibly balanced and crisp, with deep, rich bass that doesn't overpower the vocals or instruments. The Adaptive Active Noise Cancellation (ANC) is another standout feature. Whether I'm on a noisy commute or just trying to focus in a busy cafe, the Masterbuds do an amazing job of silencing the world around me. And the transparency mode is perfect for when I need to be aware of my surroundings without taking them out. Battery life is a huge win, too. The InstaCharge feature is also a lifesaver—just 10 minutes of charging gives me hours of playback, which is perfect for my busy schedule. Finally, the design is sleek and the fit is incredibly comfortable. If you're looking for premium sound, top-tier ANC, and fantastic battery life, look no further. The Noise Masterbuds are worth every penny and then some. I couldn't be happier with this purchase! Over all good performance. Good for gamers. Read more"
master_buds_1,5165b1f8c46fe60fee1c,5.0,2026-01-23,Positive,Sound Quality|Comfort/Fit|App Experience|Build Quality|ANC,5.0 out of 5 stars My honest review,"Definitely an amazing product. The sound quality is impressive—almost on par with the Apple AirPods Gen 2 (not quite there, but very close). Overall, it’s a great pair of earbuds. The ANC isn’t overly aggressive, which I really liked. I previously used the OnePlus Buds 3 and didn’t enjoy them because the noise cancellation felt too strong and made it uncomfortable to use with just one ear in. One of the best features is the app. I love that you can update the buds through software, and it’s also great that you can disable the touch controls if you want. The connectivity was not working properly so I updated buds and it works great I got an range of about 10ft which was good I can definitely go far but the range is definitely god enough for most people And the build quality and durability seams to be high for a sec it almost gave me and apple unboxing experience and feel It works fine for gaming like any other pods but not ideal this buds is for more music people (although gaming is fine no problems at all ) Read more"
master_buds_1,7691ab0eff20c6f8d54f,5.0,2025-10-12,Positive,Sound Quality|Battery Life|Comfort/Fit|App Experience|Price/Value|Build Quality|ANC,5.0 out of 5 stars Best Earbud with all features in affordable price,"I recently bought the Master Buds, for my daily office work and gym all though I have wired headphone too once I get this I am  impressed with their performance. The sound quality is very good. I also download the app better control these earbuds have sound crisp and clear, delivering a rich audio experience that makes listening to music and taking calls a pleasure. One of the standout features is the Active Noise Cancellation (ANC), which works exceptionally well to block out ambient noise. This makes them perfect for use in busy environments or during travel, allowing me to focus completely on what I’m listening to. The design is sleek and comfortable, fitting securely for long hours of wear without any discomfort. Overall, the Master Buds offer great value for their price with excellent ANC and impressive sound quality. Highly recommended to all age group and all kind of day work. Most importantly this have long battery life so won’t be worry for if you miss the charge them. And finish of product is very good. Connecting from one room to another room without any distractions. Read more"
master_buds_1,76996b96c8eba651f523,5.0,2025-09-23,Positive,Sound Quality|Comfort/Fit|Price/Value|Build Quality|ANC,"5.0 out of 5 stars Master of Buds… Noise master buds, “rest all like a sinking BOAT”","The media could not be loaded. I recently bought the Master Buds, and I am thoroughly impressed with their performance. The sound quality is crisp and clear, delivering a rich audio experience that makes listening to music and taking calls a pleasure. One of the standout features is the Active Noise Cancellation (ANC), which works exceptionally well to block out ambient noise. This makes them perfect for use in busy environments or during travel, allowing me to focus completely on what I’m listening to. The design is sleek and comfortable, fitting securely for long hours of wear without any discomfort. Overall, the Master Buds offer great value for their price with excellent ANC and impressive sound quality. Highly recommended! Read more"
master_buds_1,783f8c83f282f6b4e399,4.0,2025-11-26,Positive,Sound Quality|Battery Life|Build Quality|ANC,4.0 out of 5 stars Brief Product review,"Pretty Great sounding, wish it were a bit louder, but the ANC is decent and sound quality is great. Battery life is good but not the best. Mic is good. Buds have volume control and it just works perfectly. They’re compatible with all my products and they haven’t showed any durability issues so far. The noise customer support is also good. Read more"
master_buds_1,89ca1e046606773ee6c5,4.0,2025-10-23,Positive,Sound Quality|ANC,Audífonos calidad/precio,"Estéticamente hablando están muy bien, se escuchan bien y la ANC es buena, faltaría mejorar un poco la transparencia. En cuanto a la calidad de audio no es mala, pero si es cierto que da una sensación como de un eco en una habitación vacía (es muy ligero, pero si se nota) y su ecualizador no ayuda mucho, pero por el precio están mucho más que bien a diferencia de otros más caros. Read more"
master_buds_1,8acf8aa590956e5ca29d,1.0,2026-03-04,Negative,Battery Life|Comfort/Fit|Price/Value|ANC,1.0 out of 5 stars It is not worth the price,"The noise bud that I bought is not even a year old and now only one ear is working. No , the noise cancellation etc don't work. For me it is 8000 down the drain. I feel I could as well buy boat for 1200 instead of this money waste Read more"
master_buds_1,a5050fd7933e88aa9ff3,3.0,2025-10-22,Neutral,Build Quality,Muy rudimentarios,"Mu rudimentarios, esperaba mejor calidad, para tenerlos de mientras estan bien, mejor invertir un poco mas Read more"
master_buds_1,c5e0d062481b6c69e602,5.0,2025-08-21,Positive,Sound Quality,Buy these!!!!,Sounds is... INCREDIBLE Read more
master_buds_1,cc4dcf43724449cbd299,5.0,2025-07-02,Positive,Sound Quality|App Experience,Great sound and features on a budget,"Wow, watched a few YouTube reviews and I must have stumbled onto a bargain, 3 months ago they were reviewed at $260 and perform as well as some high end buds thanks to the Bose tuned settings, I paid £99 after my other buds died and couldn’t be happier with the purchase Read more"
master_buds_1,db4fde64ad602eafb60a,5.0,2025-11-08,Positive,Sound Quality|Battery Life|Comfort/Fit|Build Quality|ANC,"5.0 out of 5 stars Noise Master Buds After 6 Months: Long-Term Performance, Durability, and Battery Health","After six months of rigorous daily use, the Noise Master Buds absolutely maintain their five-star status and remain an outstanding long-term investment. The sound quality, refined by the Bose tuning, is consistently exceptional, delivering a balanced and rich audio profile that has never failed to impress, whether for music or frequent calls. Despite the minor, expected degradation in battery life common to all TWS devices, the buds still provide reliable, all-day performance. Their great fit and strong Active Noise Cancelation (ANC) make them reliable companion for daily commutes and office work, proving they are built not just to impress, but to last. Read more"
master_buds_1,e292df736f9fc922692c,5.0,2026-01-16,Positive,Build Quality,Good,Good Read more
master_buds_max,2e8c91661a6d9d74ea10,5.0,2025-10-18,Positive,Sound Quality|Battery Life|Comfort/Fit|Price/Value|Build Quality|ANC,5.0 out of 5 stars Absolutely amazing sound quality,"Absolutely Amazing Sound Quality! I’ve been using this headset for a few weeks now, and I’m honestly impressed. The sound is crystal clear with deep bass and balanced tones — perfect for both music and calls. The microphone picks up my voice clearly without background noise, and it’s super comfortable even during long hours of use. The battery life is great too — I hardly ever have to charge it! Totally worth the price, and I’d highly recommend it to anyone looking for a reliable, high-quality headset. 🎧💯 Read more"
master_buds_max,500628e098b7bad0bc45,5.0,2025-12-04,Positive,Sound Quality|Comfort/Fit|Build Quality|ANC,5.0 out of 5 stars A very good headphone,"An honest review after using for almost a week, the earcups are very soft and comfortable to wear, sound quality is excellent, each beat is perfectly balanced and you can feel each beat separately, thanks to the bose audio. Looks very decent and stylish, bass is not too high, but a very decent one. Wear-detection works most of the time, but rarely it fails to detect also. A very important point to note here, even when you are hearing in loud volumes, the smoothness is 100% intact and the sound is still crystal clear with all the high and low notes clearly distinguishable Read more"
master_buds_max,8e1311c59948f0edda9d,3.0,2025-11-21,Positive,Sound Quality|Battery Life|Price/Value|Build Quality,3.0 out of 5 stars My Noise Master Bud,"Pros: Sound quality is good as well the build quality and power backup too above average to the cost. Cons: Microphone needs to improve alot as my voice is audible to the other end like I'm talking from a tunnel/cave And also, few more Bose equalizer settings.. may worth to the cost. Compare to the competitve brands in the market, this noise model is better choice for music lovers. Read more"
master_buds_max,a6310808e3d661369f22,5.0,2025-12-19,Positive,Sound Quality|Battery Life|Comfort/Fit|App Experience|Price/Value|Build Quality|ANC,5.0 out of 5 stars Outstanding Sound & Premium Feel,"I’m genuinely impressed with the Noise Master Buds Max. From the moment I unboxed them, the premium build quality stood out. The case feels solid and stylish, and the earbuds fit perfectly in the ears without causing discomfort, even during long listening sessions. The sound quality is the real highlight. The bass is deep and punchy without overpowering the mids, vocals are clear, and the highs are crisp. Whether it’s music, movies, or gaming, the audio experience feels rich and immersive. The noise cancellation works surprisingly well, blocking out most background noise and helping me stay focused. Call quality is excellent too — voices sound natural and clear, even in slightly noisy environments. The battery life is impressive, easily lasting through the day with moderate to heavy use, and fast charging is a big plus. Connectivity is smooth and stable, with no noticeable lag or dropouts. Overall, these earbuds offer amazing value for money and can easily compete with much more expensive brands. Highly recommended for anyone looking for powerful sound, comfort, and reliability in one package. Read more"
master_buds_max,b3628ae3c6287a486275,5.0,2025-11-21,Positive,Sound Quality|Battery Life|Comfort/Fit|App Experience|Price/Value|Build Quality|ANC,5.0 out of 5 stars Very Happy,"Its been more than two weeks using this headphone and here's my take compared to my past exp with JBL and Sony 1. Sound Quality - Its clear and every beat you miss out on speakers is audible. Base is decent. Adaptive ANC was very effective. I have always been unhappy with ANC in JBL but this has very balanced in this price band even though not best compared to expensive ones in 20K - 30K band. 2. Ergononics - Easy to wear and remove and the cushion provided is very soft. Very less fatigue even when wore continously for 4 hours during flight, car and outdoor. One bad thing is that the cushions dont seem to be easily replaceable in case they are worn out due to more usage. 3. Connectivity - Bluetooth connectivity is very quick though its been 15 days only but so far switching between devices and pairing is super quick and easy. 4. Value for money - Sound quality, looks and overall product is great at this price and not being matched by other competitors. 5. Battery - Very promising battery backup. I have charged it once only since purchase and that too when it went 40%. Read more"
master_buds_max,c1870817f14de2fd48a8,5.0,2026-01-20,Positive,Sound Quality|Comfort/Fit|Price/Value|Build Quality,5.0 out of 5 stars Grand Product,"Its an amazing product.  Mesmerised with the sound quality, comfort. I definitely recommend this super stunning product is worth purchasing. Read more"
master_buds_max,ca102d684cd971ce8d7a,1.0,2025-11-26,Negative,Sound Quality|Comfort/Fit|App Experience|Price/Value,1.0 out of 5 stars Worst product by Noise.Sound by Boss is fake . Equaliser settings in the app by Boss is correct.,"Worst product and worst service by Noise. The product has a manufacturer defect. It’s making an abnormal noise from right side . When I raise a ticket, they just time passed for two weeks and then finally they ask us to send back to the wear hose to replace with new one . And the new one is also having same issue. Please don’t buy by looking into Boss name , Its just equaliser settings done by boss in the Noise app .Its not wort of even 2000RS . Unnecessary I put pressure on my head by purchasing this product with 10500/- .  One star is also not worth for this product. Read more"
master_buds_max,de40a79c93db79148164,4.0,2025-12-09,Positive,Sound Quality|Battery Life|Comfort/Fit|App Experience|Build Quality|ANC,4.0 out of 5 stars A good headphone on the market,Pros 1. Give good sound quality 2. Excellent noise cancellation and it's setting 3. Comfortable to put on for long extended period 4. Look sleek and nice design 5. Good battery life. Cons 1. Whole unit is on the heavier side so when you use during running and you didn't adjust the overhead arm properly it tend to slip down. 2. Control is minimal even on the app. No skip next or previous option available 3. Abit uncomfortable to hang on the neck if u decide to take a break it will literally choke you. 4. Difficult to carry around because you can't fold the earpad at the same time even if it fold you have to risk getting scratches cos of rubbing it together. 5. Sound by bose but don't expect too much it's just the eq setting no hardware. Verdict: if your looking for a good sound and excellent noise cancellation feature go for it but you might have to compromise on the comfort and portability Read more
